<?xml version="1.0" encoding="UTF-8"?>
<project-private xmlns="http://www.netbeans.org/ns/project-private/1">
    <editor-bookmarks xmlns="http://www.netbeans.org/ns/editor-bookmarks/2" lastBookmarkId="0"/>
    <open-files xmlns="http://www.netbeans.org/ns/projectui-open-files/2">
        <group>
            <file>file:/C:/Users/alrpdsil/Documents/NetBeansProjects/Projeto%20Cadastro%20Disciplina/CadastroDisciplina/src/cadastrodisciplina/DisciplinaForm.java</file>
            <file>file:/C:/Users/alrpdsil/Documents/NetBeansProjects/Projeto%20Cadastro%20Disciplina/CadastroDisciplina/src/cadastrodisciplina/ConexaoMySQL.java</file>
            <file>file:/C:/Users/alrpdsil/Documents/NetBeansProjects/Projeto%20Cadastro%20Disciplina/CadastroDisciplina/src/cadastrodisciplina/DeleteForm.java</file>
            <file>file:/C:/Users/alrpdsil/Documents/NetBeansProjects/Projeto%20Cadastro%20Disciplina/CadastroDisciplina/src/cadastrodisciplina/CadastroDisciplina.java</file>
            <file>file:/C:/Users/alrpdsil/Documents/NetBeansProjects/Projeto%20Cadastro%20Disciplina/CadastroDisciplina/src/cadastrodisciplina/ListaDisciplinasForm.java</file>
        </group>
    </open-files>
</project-private>
